tag,spu,name,price,introduction,image_url
新鲜水果,奇异果,Zespri佳沛新西兰阳光绿奇异果6个105-124g/个,35.9,清香爽口 柔嫩多汁,http://img14.yiguoimg.com/d/items/2019/190601/9288738152392385_300.jpg
新鲜水果,奇异果,Zespri佳沛新西兰阳光金奇异果6个(114-134g/个),78,软糯香甜 一口甜蜜滋味,http://img13.yiguoimg.com/d/items/2019/190528/9288738114184892_300.jpg
新鲜水果,莓,秘鲁蓝莓4盒约125g/盒,69.9,办公小零嘴 满满花青素,http://img14.yiguoimg.com/d/items/2019/190823/9288738933909271_300.jpg
新鲜水果,时令水果,南非柠檬4个100g以上/个,25.9,泡饮调制小能手 酸爽清新,http://img09.yiguoimg.com/d/items/2019/190710/9288738477876970_300.jpg
新鲜水果,热带水果,泰国龙眼1kg/盒,39.9,果肉晶莹剔透，甜蜜涌上心头,http://img13.yiguoimg.com/d/items/2019/190329/9288737696523901_300.jpg
新鲜水果,车厘子,智利车厘子1磅果径28-30mm,99,JJ级果径28-30mm 一口水润飙汁,http://img10.yiguoimg.com/d/items/2019/191217/9288739695732625_300.jpg
新鲜水果,车厘子,智利车厘子2.5kg礼盒装(J级果径26-28mm),348,J级甜脆多汁 预售最快12月27日开始发货,http://img10.yiguoimg.com/d/items/2019/191219/9288739718309779_300.jpg
新鲜水果,车厘子,智利车厘子1.5kg礼盒装(JJJ级果径30-32mm),298,JJJ级甜脆多汁 预售最快12月27日开始发货,http://img10.yiguoimg.com/d/items/2019/191219/9288739719554963_300.jpg
新鲜水果,车厘子,智利车厘子1.5kg礼盒装(JJ级果径28-30mm),258,JJ级甜脆多汁 预售最快12月27日开始发货,http://img11.yiguoimg.com/d/items/2019/191219/9288739718932371_300.jpg
新鲜水果,车厘子,智利莱尼尔车厘子300g(果径28-30mm),119,JJ级果径28-30mm  皮薄娇嫩 鲜甜爽口,http://img12.yiguoimg.com/d/items/2019/191218/9288739697764242_300.jpg
新鲜水果,原箱水果,泰国精选椰青9个原箱,138,低糖低卡 满满电解质,http://img12.yiguoimg.com/d/items/2019/190401/9288737708254849_300.jpg
新鲜水果,桃,澳大利亚油桃4个装约120g以上/个,39.9,汁足香浓 清甜脆嫩,http://img09.yiguoimg.com/d/items/2019/191220/9288739726993300_300.jpg
新鲜水果,榴莲,SunMoon泰国金枕头冷冻榴莲果肉300g,49.9,就像现剥的榴莲肉一样绵糯香甜,http://img14.yiguoimg.com/d/items/2018/180807/9288727914489095_300.jpg
新鲜水果,凤梨,菲律宾凤梨1个1kg以上/个,39.9,脆嫩多汁，削皮即食,http://img11.yiguoimg.com/d/items/2019/190329/9288737682728573_300.jpg
新鲜水果,椰子,泰国精选椰青9个原箱,138,低糖低卡 满满电解质,http://img12.yiguoimg.com/d/items/2019/190401/9288737708254849_300.jpg
新鲜水果,火龙果,越南红心火龙果2个410g以上/个(大果),49.9,嫩滑多汁 清甜回味,http://img11.yiguoimg.com/d/items/2019/190329/9288737695639165_300.jpg
新鲜水果,梨,荷兰青啤梨4个(160g以上/个),29,梨中软妹 绵软柔嫩,http://img10.yiguoimg.com/d/items/2019/191021/9288739381552981_300.jpg
新鲜水果,柑桔橙柚,新奇士美国脐橙6个约200g/个,59,皮薄无籽 果粒柔嫩,http://img13.yiguoimg.com/d/items/2019/191219/9288739717621651_300.jpg
新鲜水果,柑桔橙柚,以色列青柚4个约300g/个,49.9,皮薄易手剥 柔嫩清甜少酸,http://img13.yiguoimg.com/d/items/2019/191220/9288739726567316_300.jpg
新鲜水果,柑桔橙柚,南非柠檬4个100g以上/个,25.9,泡饮调制小能手 酸爽清新,http://img09.yiguoimg.com/d/items/2019/190710/9288738477876970_300.jpg
新鲜水果,柑桔橙柚,以色列西柚4个320g以上/个,38,榨汁调饮 满口柚香,http://img13.yiguoimg.com/d/items/2019/190424/9288737844635288_300.jpg
新鲜水果,柑桔橙柚,新奇士美国脐橙10个约200g/个,99,皮薄无籽 果粒柔嫩,http://img09.yiguoimg.com/d/items/2019/191219/9288739717326739_300.jpg
新鲜蔬菜,净菜类,马家沟芹菜2kg,39.9,颗大鲜嫩 清香酥脆,http://img13.yiguoimg.com/d/items/2018/181203/9288734941652355_300.jpg
新鲜水果,提子,秘鲁红提500g,35.9,色泽深红 皮薄肉厚,http://img12.yiguoimg.com/d/items/2019/191220/9288739722307476_300.jpg
新鲜水果,苹果,美国爱妃苹果4个190g以上/个,78,内外兼修有颜又好吃的苹果,http://img14.yiguoimg.com/d/items/2019/191220/9288739727779732_300.jpg
新鲜水果,苹果,美国红蛇果4个200g以上/个,38,饱满红润 味香酥甜,http://img11.yiguoimg.com/d/items/2019/191219/9288739716933523_300.jpg
新鲜水果,苹果,新西兰嘎啦果6个150g以上/个,39.9,酥脆甜蜜  玲珑小巧,http://img09.yiguoimg.com/d/items/2019/190705/9288738447828709_300.jpg
新鲜水果,苹果,Mr APPLE新西兰红玫瑰Queen苹果6个(150g以上/个),79,淡淡玫瑰香 紧实清脆,http://img11.yiguoimg.com/d/items/2019/190424/9288737844242072_300.jpg
新鲜水果,苹果,清谷田园艾芙嘎啦苹果12粒/箱160g以上/个,32,基地发货 酸甜可口 皮薄酥脆,http://img10.yiguoimg.com/d/items/2019/191010/9288739306514250_300.jpg
新鲜水果,苹果,新疆阿克苏冰糖心苹果4.5kg原箱果径80mm以上/个,129,甜蜜冰糖心 细腻易化渣,http://img13.yiguoimg.com/d/items/2019/191120/9288739574687604_300.jpg
新鲜水果,苹果,枝纯一级富士苹果12个礼盒装果径80~85mm,148,基地发货 清脆多汁  色彩靓丽,http://img11.yiguoimg.com/d/items/2019/191121/9288739577210741_300.jpg
新鲜水果,苹果,山东蓬莱红富士苹果9个约200g/个,83,高甜底酸，核小肉厚,http://img13.yiguoimg.com/d/items/2019/190329/9288737670637181_300.jpg
新鲜水果,苹果,川西丑将野生苹果12个礼盒装(果径85mm以上),59,基地发货 朴实外表 甜蜜内心,http://img10.yiguoimg.com/d/items/2019/191023/9288739400296279_300.jpg
新鲜水果,苹果,山东栖霞红富士苹果9个约200g/个,78,果肉脆甜紧实，口感不逊阿克苏,http://img14.yiguoimg.com/d/items/2019/190401/9288737709303425_300.jpg
新鲜水果,苹果,甘肃黄元帅苹果6个果径75mm以上/个,39,皮薄光洁，果肉细软,http://img13.yiguoimg.com/d/items/2019/190329/9288737672865405_300.jpg
新鲜水果,苹果,清谷田园艾芙嘎啦苹果24粒/箱160g以上/个,65,基地发货 酸甜可口 皮薄酥脆,http://img14.yiguoimg.com/d/items/2019/191010/9288739305432906_300.jpg
新鲜水果,苹果,农夫山泉17.5°阿克苏苹果14个礼盒装230g以上/个,98,基地发货 农夫山泉出品 细腻松脆,http://img09.yiguoimg.com/d/items/2019/191119/9288739564136307_300.jpg
新鲜水果,苹果,陕西红富士苹果9个约200g/个,78,个大色美，脆甜爽口,http://img13.yiguoimg.com/d/items/2019/190617/9288738282022609_300.jpg
新鲜水果,苹果,四川大凉山野生苹果6个(果径80mm以上),35.8,大山里的味道 甘甜可口 嘎嘣脆,http://img13.yiguoimg.com/d/items/2019/190904/9288739036342052_300.jpg
新鲜水果,苹果,清谷田园嘎啦苹果12头手提箱礼盒装,69,基地发货 不支持合单 色泽红艳 脆甜味美,http://img13.yiguoimg.com/d/items/2019/190927/9288739260180283_300.jpg
新鲜蔬菜,叶菜类,马家沟精品芹菜1kg,35.9,清香酥脆 皮薄肉嫩,http://img09.yiguoimg.com/d/items/2018/181203/9288734941521283_300.jpg
新鲜蔬菜,茄果/瓜果类,山东水果秋葵1.5kg,59.8,黏液蛋白+膳食纤维 肠胃健康好伙伴,http://img13.yiguoimg.com/d/items/2019/190801/9288738685069057_300.jpg
新鲜蔬菜,茄果/瓜果类,海阳白玉黄瓜2.5kg,89,定期牛奶灌溉 自然成长不催熟,http://img11.yiguoimg.com/d/items/2019/190104/9288736405104164_300.jpg
新鲜蔬菜,茄果/瓜果类,山东水果小黄瓜2kg,35.9,翠绿鲜爽 亦蔬亦果,http://img11.yiguoimg.com/d/items/2019/190419/9288737806067347_300.jpg
新鲜蔬菜,茄果/瓜果类,山东惠和一号贝贝小南瓜2.5kg,59.9,进口种源 粉糯香甜,http://img12.yiguoimg.com/d/items/2019/190705/9288738445272805_300.jpg
新鲜蔬菜,茄果/瓜果类,海阳普罗旺斯西红柿2.25kg,89,农家种植不催熟 清甜爽口更健康,http://img11.yiguoimg.com/d/items/2019/190104/9288736404481572_300.jpg
新鲜蔬菜,茄果/瓜果类,山东贝贝南瓜2.5kg,39.9,小小一颗 给味蕾大大满足,http://img09.yiguoimg.com/d/items/2019/190412/9288737767827084_300.jpg
新鲜蔬菜,茄果/瓜果类,福建水果玉米2kg,49.9,是水果是蔬菜还是粗粮 一次满足你对玉米的三个愿望,http://img09.yiguoimg.com/d/items/2019/190103/9288736387704355_300.jpg
新鲜蔬菜,茄果/瓜果类,解府山东莱阳板栗2.5kg,79,产地直发，栗香浓郁，皮薄仁黄,http://img12.yiguoimg.com/d/items/2019/191104/9288739484280676_300.jpg
新鲜蔬菜,冷冻蔬菜,轩尧烤红薯1kg,45.9,烹饪方便,http://img11.yiguoimg.com/d/items/2018/181009/9288732350653769_300.jpg
新鲜蔬菜,冷冻蔬菜,轩尧藕片500g,11.8,,http://img12.yiguoimg.com/d/items/2018/180320/9288720523928692_300.jpg
新鲜蔬菜,冷冻蔬菜,轩尧马蹄400g,15.9,烹饪方便 营养健康,http://img13.yiguoimg.com/d/items/2018/180827/9288730067182875_300.jpg
新鲜蔬菜,冷冻蔬菜,轩尧荷兰豆300g,17.9,烹饪方便，营养健康,http://img14.yiguoimg.com/d/items/2018/181015/9288732639012175_300.jpg
新鲜蔬菜,冷冻蔬菜,轩尧田园荠菜馅300g,9.9,烹饪方便，健康营养,http://img12.yiguoimg.com/d/items/2018/180828/9288730123674908_300.jpg
新鲜蔬菜,冷冻蔬菜,九洲丰园有机速冻丁类混合菜260g,12.9,青豆+玉米+胡萝卜丁,http://img13.yiguoimg.com/e/items/2017/170626/9288709523415770_300.jpg
新鲜蔬菜,冷冻蔬菜,大昌食品美国三角薯饼500g,21.8,休闲美味，开袋即烹,http://img06.yiguoimg.com/e/web/170414/140343/170414140343420_21304_300.jpg
新鲜蔬菜,冷冻蔬菜,大昌食品冷冻牛排薯条1kg,38.8,巨无霸薯条 霸气好滋味,http://img07.yiguoimg.com/e/web/170414/140344/170414140344465_21305_300.jpg
乳品糕点,面包,Haubis维也纳谷物早餐面包80g*5,42.9,无糖、低油 谷物的芳香 慢工手作,http://img09.yiguoimg.com/d/items/2019/190708/9288738458478312_300.jpg
乳品糕点,面包,Haubis蒜香棍70g*3,52,浓郁的黄油蒜香独特的香氛,http://img09.yiguoimg.com/d/items/2019/190605/9288738175035077_300.jpg
乳品糕点,面包,Haubis蒜香棍70g,20.8,浓郁蒜香  层层渗透,http://img11.yiguoimg.com/d/items/2019/190508/9288737949853352_300.jpg
乳品糕点,面包,Haubis施瓦本扭结面包（黄油扭结）79g*4,48.8,德式扭结棍中融入了独特的黄油,http://img12.yiguoimg.com/d/items/2019/190605/9288738175755973_300.jpg
乳品糕点,面包,Haubis维也纳田园蔬菜早餐面包89g*5,39.8,低脂无糖，富含有多种维生素，营养又美味,http://img10.yiguoimg.com/d/items/2019/190708/9288738459461352_300.jpg
乳品糕点,面包,Haubis橄榄法棍250g*2,36.8,浓浓的地中海风味，适宜配合烤肉和红酒,http://img13.yiguoimg.com/d/items/2019/190605/9288738176607941_300.jpg
新鲜蔬菜,根茎类,聚怀斋铁棍山药(垆土)礼盒3kg,69.9,质地粉糯入口软绵 蒸煮煲汤样样美味,http://img10.yiguoimg.com/d/items/2018/181206/9288735124366726_300.jpg
新鲜蔬菜,根茎类,福建海沙六鳌蜜薯2.5kg,29.9,生态种植 营养粗粮,http://img11.yiguoimg.com/d/items/2019/190103/9288736388294179_300.jpg
新鲜蔬菜,根茎类,沙丘红薯2.5kg,49.8,香甜软糯 满满膳食纤维,http://img14.yiguoimg.com/d/items/2019/190109/9288736571860521_300.jpg
新鲜蔬菜,根茎类,聚怀斋铁棍山药3kg礼盒,65.8,质地粉糯入口软绵 蒸煮煲汤样样美味,http://img12.yiguoimg.com/d/items/2019/190319/9288737590388339_300.jpg
新鲜蔬菜,根茎类,山东烟薯2.5kg,66.5,粉糯新鲜 皮薄如纸,http://img11.yiguoimg.com/d/items/2019/190221/9288737368417877_300.jpg
新鲜蔬菜,根茎类,聚怀斋精选(红皮)铁棍山药礼盒3kg,198,吸收土壤中矿物质元素 形成铁锈色红斑,http://img14.yiguoimg.com/d/items/2019/190611/9288738213013195_300.jpg
新鲜蔬菜,根茎类,沙丘紫薯2.5kg,49.8,香甜软糯 满满膳食纤维,http://img11.yiguoimg.com/d/items/2019/190109/9288736576022057_300.jpg
新鲜蔬菜,根茎类,田横蜜薯2.5kg,49.8,香甜粉糯 水嫩甘甜,http://img14.yiguoimg.com/d/items/2019/190109/9288736569566761_300.jpg
新鲜蔬菜,根茎类,山东薛村水果萝卜2.5kg,49.9,水多味甜 生吃清脆,http://img14.yiguoimg.com/d/items/2019/190221/9288737368450645_300.jpg
乳品糕点,蛋糕,Haubis草莓鲜奶切片蛋糕106g*2,36.8,新鲜的草莓，美味的黄油鲜奶,http://img14.yiguoimg.com/d/items/2019/190612/9288738241849036_300.jpg
乳品糕点,蛋糕,青城芝恋・抹茶双重芝士2磅,298,蛋糕直发不支持与其他商品一同下单，请单独购买,http://img12.yiguoimg.com/d/items/2019/190611/9288738226087627_300.jpg
乳品糕点,蛋糕,雪域芝士・牛乳芝士蛋糕2磅,298,蛋糕直发不支持与其他商品一同下单，请单独购买,http://img14.yiguoimg.com/d/items/2019/190523/9288738076075703_300.jpg
乳品糕点,蛋糕,卡萨诺瓦意大利圣诞蛋糕750g,328,体验“意”式圣诞味道,http://img10.yiguoimg.com/d/items/2019/191122/9288739580422006_300.jpg
乳品糕点,蛋糕,绒绒初心・经典红丝绒蛋糕2磅,298,蛋糕直发不支持与其他商品一同下单，请单独购买,http://img14.yiguoimg.com/d/items/2019/190612/9288738233329356_300.jpg
乳品糕点,蛋糕,Haubis扁桃仁鲜奶切片蛋糕85g*2,36.8,香草鲜奶均匀的分布在面包底上,http://img09.yiguoimg.com/d/items/2019/190606/9288738191058630_300.jpg
乳品糕点,蛋糕,提拉的旅程・经典提拉米苏2磅,298,蛋糕直发不支持与其他商品一同下单，请单独购买,http://img13.yiguoimg.com/d/items/2019/190523/9288738076468919_300.jpg
乳品糕点,蛋糕,水墨芝画・黑芝麻白巧克力慕斯2磅,298,蛋糕直发不支持与其他商品一同下单，请单独购买,http://img12.yiguoimg.com/d/items/2019/190523/9288738075748023_300.jpg
乳品糕点,蛋糕,爱琴猫猫山王榴莲奶酪风味蛋糕800g,238,马来西亚猫山王榴莲果肉 搭配细磨蛋糕碎顶,http://img14.yiguoimg.com/d/items/2018/181025/9288733051987289_300.jpg
乳品糕点,蛋糕,爱琴猫芒果奶酪风味蛋糕950g,188,精选缅甸圣德龙芒果 原装进口,http://img13.yiguoimg.com/d/items/2018/181025/9288733051823449_300.jpg
海鲜水产,蟹,智利冷冻帝王蟹1-1.2kg,368,智利原装进口帝王蟹,http://img13.yiguoimg.com/d/items/2018/181015/9288732633900367_300.jpg
海鲜水产,蟹,Clearwater野生熟冻面包蟹1只(400-600g/只),69,野生大个 饱满肥美 原装进口,http://img14.yiguoimg.com/d/items/2019/190604/9288738167465668_300.jpg
海鲜水产,活鲜,新西兰莫娜生蚝L号(12只装),318,原装鲜活进口 木质包装,http://img11.yiguoimg.com/d/items/2019/190524/9288738088527544_300.jpg
海鲜水产,活鲜,(预售)法国黄金生蚝N2号(6只装),159,每周三中午12点之前付款，周日配送，不支持合单,http://img14.yiguoimg.com/d/items/2019/190524/9288738089019064_300.jpg
海鲜水产,活鲜,(预售)法国嘉宝丽生蚝N1(12只装),329,每周三中午12点之前付款，周日配送，不支持合单,http://img10.yiguoimg.com/d/items/2019/190524/9288738090002104_300.jpg
海鲜水产,活鲜,(预售)法国小鲜肉生蚝N2(6只装),159,每周三中午12点之前付款，周日配送，不支持合单,http://img14.yiguoimg.com/d/items/2019/190524/9288738089510584_300.jpg
海鲜水产,活鲜,法国水晶生蚝(N.1)1.2kg(12只装),499,原装鲜活进口 木质包装,http://img14.yiguoimg.com/d/items/2019/190416/9288737783457424_300.jpg
海鲜水产,活鲜,法国水晶生蚝(N.2)250g(3只装),155,原装鲜活进口  肉质爽脆回味甘甜,http://img12.yiguoimg.com/d/items/2019/190416/9288737782900368_300.jpg
海鲜水产,海参,好当家有机即食海参1600g(40只),1498,自然生长不催熟  十年有机认证,http://img10.yiguoimg.com/d/items/2019/191216/9288739685803920_300.jpg
海鲜水产,海参,好当家有机即食海参2000g(50只),1798,自然生长不催熟  十年有机认证,http://img12.yiguoimg.com/d/items/2019/191216/9288739685836688_300.jpg
海鲜水产,海参,元宝岛速发干海参16.8g,398,大连原生态海域采捕,http://img09.yiguoimg.com/d/items/2019/190424/9288737840342680_300.jpg
海鲜水产,海参,原膳爱琴海野生即食海参30g(2只装),19.9,产自爱琴海纯净海域 无需泡发解冻即烹,http://img11.yiguoimg.com/d/items/2019/190829/9288738982799133_300.jpg
海鲜水产,海参,元宝岛即食海参500g,499,大连原生态海域采捕,http://img13.yiguoimg.com/d/items/2019/190626/9288738356405978_300.jpg
海鲜水产,海参,月亮湾刺参王1.2kg,999,肉质肥厚，药用价值高，海参皂甙含量高,http://img14.yiguoimg.com/d/items/2018/181031/9288733379077471_300.jpg
海鲜水产,海参,好当家有机即食海参600g(10只),528,自然生长不催熟  十年有机认证,http://img13.yiguoimg.com/d/items/2019/191216/9288739685705616_300.jpg
海鲜水产,海参,好当家有机即食海参600g(15只),498,自然生长不催熟  十年有机认证,http://img13.yiguoimg.com/d/items/2019/191216/9288739685902224_300.jpg
海鲜水产,海参,元宝岛即食海参(冷冻)100g(4支),99,自然天成，解冻即食,http://img09.yiguoimg.com/d/items/2019/190401/9288737709926017_300.jpg
海鲜水产,海鲜礼盒,SAPMER法国银鳕(礼盒装)1kg,688,预售商品 预计29日配送,http://img09.yiguoimg.com/d/items/2019/191209/9288739648087945_300.jpg
海鲜水产,海鲜礼盒,家宴大礼包1288型,1288,内含5人份佛跳墙,http://img11.yiguoimg.com/d/items/2019/191218/9288739701172114_300.jpg
海鲜水产,海鲜礼盒,盒成冷冻挪威海虹鳟礼盒装1.58kg,468,丰腴鲜香肉质紧实 精美包装大规格 送礼体面,http://img12.yiguoimg.com/d/items/2019/191206/9288739642255238_300.jpg
海鲜水产,海鲜礼盒,佛跳墙(4-6人份)1kg,880,汤底熬制16小时 2小时慢炖入味,http://img10.yiguoimg.com/d/items/2019/191218/9288739700221842_300.jpg
海鲜水产,海鲜礼盒,家宴大礼包899型,899,十种美味齐聚一堂 丰盛年夜饭摆上桌,http://img14.yiguoimg.com/d/items/2019/191218/9288739701499794_300.jpg
海鲜水产,贝,百年渔港蒜蓉粉丝扇贝200g(6枚装),19.9,无需解冻，开袋即烹,http://img10.yiguoimg.com/d/items/2018/181108/9288733757351272_300.jpg
海鲜水产,贝,FutureCuisine冷冻新西兰半壳青口贝1kg,88,,http://img11.yiguoimg.com/d/items/2018/180205/9288719112086597_300.jpg
海鲜水产,贝,拓食冻熟贻贝500g,29.9,智利冰冷海域 船上熟冻 肥美嫩滑,http://img14.yiguoimg.com/d/items/2019/190822/9288738909464342_300.jpg
海鲜水产,贝,KONO半壳冷冻青口贝500g,59.8,净海佳品，海中牛奶,http://img10.yiguoimg.com/d/items/2017/171204/9288716047164292_300.jpg
海鲜水产,贝,金龟岛帆立贝250g,29.9,,http://img10.yiguoimg.com/d/items/2017/171214/9288716541895566_300.jpg
海鲜水产,贝,兰维乐新西兰青口贝1kg,88,原装进口直供，半壳30-44只,http://img09.yiguoimg.com/d/items/2018/180709/9288725733221609_300.jpg
海鲜水产,贝,金龟岛香煎玉带250g,39.9,,http://img10.yiguoimg.com/d/items/2017/171213/9288716449981325_300.jpg
海鲜水产,贝,金龟岛扇贝柱串170g,29.8,,http://img13.yiguoimg.com/d/items/2019/190321/9288737608443509_300.jpg
海鲜水产,贝,新西兰冷冻青口贝1kg,88,海洋牛奶，脆嫩鲜甜,http://img09.yiguoimg.com/e/items/2017/170714/9288710171402990_300.jpg
海鲜水产,贝,金龟岛鲜贝250g,28,去壳净肉 鲜甜弹嫩,http://img14.yiguoimg.com/d/items/2017/171214/9288716542354318_300.jpg
海鲜水产,贝,原膳虾夷半壳扇贝280g(6只装),35,源自优质渔场，个大饱满肥美,http://img05.yiguoimg.com/e/web/170224/101007/170224101007013_106333_300.jpg
海鲜水产,虾仁,原膳南美白虾仁（中）250g*3,95.9,大份量家庭装，全家吃一起吃,http://img12.yiguoimg.com/d/items/2019/190409/9288737743971977_300.jpg
海鲜水产,虾仁,Joyfish海捕野生明虾仁(中)200g,38,去壳 去虾线 烹饪更省心,http://img06.yiguoimg.com/e/web/170224/101254/170224101254575_1248304_300.jpg
海鲜水产,虾仁,原膳南美白虾仁（中）250g,32.9,饱满弹嫩，营养低脂,http://img14.yiguoimg.com/d/items/2017/171130/9288715872871294_300.jpg
海鲜水产,虾仁,原膳越南草虾仁(黑虎虾)(中)200g,38,营养低脂，饱满弹嫩,http://img14.yiguoimg.com/d/items/2018/180614/9288724545119438_300.jpg
乳品糕点,乳品,延世牧场牛奶RT223ml,15.8,贴心小瓶装  一次一瓶刚刚好,http://img12.yiguoimg.com/d/items/2018/180817/9288729467856145_300.jpg
乳品糕点,乳品,纽仕兰 4.0g蛋白质全脂牛奶750ml(250ml*3),17.9,新西兰自有牧场 优质蛋白质营养,http://img09.yiguoimg.com/d/items/2019/190614/9288738259576526_300.jpg
乳品糕点,乳品,优诺优丝原味风味酸乳(瓶装)210g*3,25,换新上市  随时畅享丝滑,http://img13.yiguoimg.com/d/items/2019/190731/9288738676909823_1000.jpg
乳品糕点,乳品,纽仕兰4.0g蛋白质部分脱脂牛奶250ml*24,129,自然放牧 自然散养 自然产奶,http://img12.yiguoimg.com/d/items/2019/190614/9288738260592334_300.jpg
乳品糕点,乳品,优诺优丝牛油果香蕉风味发酵乳210g*3,25,墨西哥进口牛油果与进口香蕉,http://img14.yiguoimg.com/d/items/2019/190731/9288738676549375_1000.jpg
乳品糕点,乳品,优诺优丝草莓果粒风味酸乳(瓶装)210g*3,25,100%生牛乳  无增稠剂,http://img10.yiguoimg.com/d/items/2019/190731/9288738671273727_1000.jpg
乳品糕点,乳品,Anchor/安佳进口儿童牛奶190ml*12盒礼盒装(佳配),79,新西兰原产进口 专为孩子成长设计,http://img11.yiguoimg.com/d/items/2019/191101/9288739468617569_300.jpg
乳品糕点,乳品,君乐宝纯享盐花芝士味益生菌风味发酵乳330g,8.8,丹麦进口芝士与法国盐花的邂逅,http://img14.yiguoimg.com/d/items/2019/190722/9288738577229558_300.jpg
乳品糕点,乳品,伊利优选牧场奶源纯牛奶180ml*16,48,透明包装  安心看得见   随时随地喝一袋,http://img11.yiguoimg.com/d/items/2019/190104/9288736427583012_300.jpg
乳品糕点,乳品,纽仕兰4.0g蛋白质全脂牛奶250ml*10,83.9,新西兰牧场 草饲散养,http://img10.yiguoimg.com/d/items/2019/190614/9288738258134734_300.jpg
乳品糕点,乳品,君乐宝纯享原味益生菌风味发酵乳330g,8.8,简单配料   呈现经典味道,http://img12.yiguoimg.com/d/items/2019/190722/9288738577721078_300.jpg
乳品糕点,乳品,纽仕兰3.5g蛋白质全脂牛奶250ml*10,54.8,新西兰牧场 草饲散养 健康奶源 清醇不甜腻,http://img13.yiguoimg.com/d/items/2019/190614/9288738256168654_300.jpg
乳品糕点,乳品,蒙牛特仑苏纯牛奶250ml*12盒,78,不是每种牛奶都叫特仑苏,http://img10.yiguoimg.com/d/items/2019/191101/9570214446376801_300.jpg
乳品糕点,乳品,天润润康酸奶1kg,29.9,自然健康，情浓欢聚，外包装可重复利用,http://img11.yiguoimg.com/d/items/2019/190606/9288738198955718_300.jpg
乳品糕点,乳品,君乐宝老酸奶(原味)风味酸牛奶杯139g*12,45,一杯一发酵  演绎经典味道,http://img14.yiguoimg.com/d/items/2019/190722/9288738578114294_300.jpg
乳品糕点,乳品,纽仕兰3.5g蛋白质部分脱脂牛奶250ml*24,89,新西兰牧场 草饲散养 部分脱脂营养又轻盈,http://img09.yiguoimg.com/d/items/2019/190614/9288738257675982_300.jpg
乳品糕点,乳品,天润浓缩酸奶全脂风味发酵乳(原味)180g*12,59.9,经典原味   口感香醇   含丰富蛋白质,http://img09.yiguoimg.com/d/items/2018/181219/9288735739848083_300.jpg
乳品糕点,乳品,君乐宝涨芝士啦风味发酵乳礼品装180g*12,48,一款涨芝士的酸奶,http://img12.yiguoimg.com/d/items/2019/190722/9288738577983222_300.jpg
乳品糕点,乳品,君乐宝纯享苹果味益生菌风味发酵乳330g,8.8,纯正青苹果口味   清新如你,http://img13.yiguoimg.com/d/items/2019/190722/9288738577852150_300.jpg
乳品糕点,乳品,纽仕兰 4.0g蛋白质全脂牛奶250ml*24,129,新西兰原装进口  草饲散养,http://img14.yiguoimg.com/d/items/2019/190614/9288738260100814_300.jpg
海鲜水产,加工水产,凯洋加纳鱿鱼400g,29.9,深海捕捞，船上急冻，保留最新鲜的口感,http://img12.yiguoimg.com/d/items/2018/180824/9288729897215256_300.jpg
海鲜水产,加工水产,虾妞牛冷冻茴香小龙虾1.8kg,139,原汁原味的瑞典风味,http://img13.yiguoimg.com/d/items/2019/190808/9288738770429704_300.jpg
海鲜水产,加工水产,丸府烫捞丸府三宝蓝标(潮汕牛肉丸+芝士鳕鱼蛋+韩式花枝丸)180g,39,三种口味，有鱼有肉，搭配丰富,http://img09.yiguoimg.com/d/items/2018/181024/9288733014566232_300.jpg
海鲜水产,加工水产,丰收蟹庄蟹粉(鲜甜)250g,158,用料名贵做工复杂 十只活蟹做一罐,http://img14.yiguoimg.com/d/items/2019/190521/9288738055595701_300.jpg
海鲜水产,加工水产,中洋鱼天下牛蛙600g,79.9,肉质细腻，味道鲜美，营养安全，易消化。,http://img11.yiguoimg.com/d/items/2018/181023/9288732972066135_300.jpg
海鲜水产,加工水产,丸府烫捞港式鱼籽蛋120g,19.9,脆爽鱼籽 鲜味四溢,http://img13.yiguoimg.com/d/items/2019/191015/9288739341805391_300.jpg
海鲜水产,加工水产,丰收蟹庄蟹粉面700g,268,味道鲜美 易消化老人孩子都爱吃,http://img09.yiguoimg.com/d/items/2019/190605/9288738180277957_300.jpg
海鲜水产,加工水产,丰收蟹庄蟹粉(香辣)250g,158,用料名贵做工复杂 十只活蟹做一罐,http://img10.yiguoimg.com/d/items/2019/190530/9288738131355326_300.jpg
海鲜水产,加工水产,鳗鱼皇后冷冻烤鳗100g,39.9,日本工艺  活鳗烤制 在家也能吃到热腾腾的鳗鱼饭,http://img14.yiguoimg.com/d/items/2019/190708/9288738463459048_300.jpg
海鲜水产,加工水产,丰收蟹庄蟹黄酱110g,38.8,大块蟹黄看得见 拌饭烹饪都好吃,http://img09.yiguoimg.com/d/items/2019/190603/9288738155833027_300.jpg
海鲜水产,加工水产,丸府烫捞原汁墨鱼丸120g,19.9,深海墨鱼精制 融入浓郁墨鱼汁,http://img12.yiguoimg.com/d/items/2019/191015/9288739341084495_300.jpg
海鲜水产,加工水产,丸府烫捞鱼滑88g,19.9,色泽洁白，鲜美可口,http://img10.yiguoimg.com/d/items/2018/181207/9288735166571911_300.jpg
海鲜水产,加工水产,FOPPEN炙烧熏大西洋三文鱼片100g,59.9,百年秘方 荷兰原装 解冻即享 理想轻食 孩子偏爱,http://img14.yiguoimg.com/d/items/2019/190715/9288738520475375_300.jpg
海鲜水产,加工水产,FOPPEN熏大西洋迷你三文鱼片100g,59.9,百年秘方 荷兰原装 解冻即享 理想轻食,http://img12.yiguoimg.com/d/items/2019/190715/9288738520213231_300.jpg
海鲜水产,加工水产,虾妞牛麻辣小龙虾750g*2,128,出口品质虾稻共作  好水出好虾,http://img11.yiguoimg.com/d/items/2019/190808/9288738770888456_300.jpg
海鲜水产,加工水产,丸府烫捞丸府六宝120g,19.9,6种选择 6种美味,http://img09.yiguoimg.com/d/items/2019/191018/9288739368249170_300.jpg
海鲜水产,加工水产,丰收蟹庄秃黄油蟹黄膏(黑毛猪油浓香味)200g,400,金奖太湖蟹膏黄制作,http://img12.yiguoimg.com/d/items/2019/190425/9288737847518873_300.jpg
海鲜水产,加工水产,原膳阿根廷鱿鱼须250g,23.5,优质蛋白，低脂美味,http://img07.yiguoimg.com/e/web/170224/100926/170224100926363_1004119_300.jpg
海鲜水产,加工水产,丰收蟹庄干贝蟹肉(高原植物油清香味)200g,200,完整蟹肉搭配北海道干贝丝,http://img11.yiguoimg.com/d/items/2019/190425/9288737847649945_300.jpg
海鲜水产,加工水产,丰收蟹庄干贝蟹肉(黑毛猪油浓香味)200g,200,口感醇厚 层次细腻,http://img09.yiguoimg.com/d/items/2019/190425/9288737847846553_300.jpg
海鲜水产,虾,加拿大冻北极甜虾1kg,108,低温纯净海域生长、食用简单、口感鲜嫩、营养丰富  ,http://img12.yiguoimg.com/d/items/2018/181026/9288733106546010_300.jpg
海鲜水产,虾,原膳加拿大北极虾300g(20-25只),49.9,缓慢生长 肉质紧实 个大鲜甜,http://img13.yiguoimg.com/d/items/2018/180503/9288722505278627_300.jpg
海鲜水产,虾,GUOLIAN国联麻辣味小龙虾750g,69.9,2019新虾上市 夜宵扛把子,http://img10.yiguoimg.com/d/items/2019/190516/9288738019813040_300.jpg
海鲜水产,虾,拓食冻熟黑虎虾400g,78,硕大入手， 解冻即食，白灼香煎都美味,http://img13.yiguoimg.com/d/items/2018/180111/9288717801202731_300.jpg
海鲜水产,虾,查干湖秀丽白虾350g,48,源自查干湖 新鲜捕捞 急冻保鲜,http://img13.yiguoimg.com/d/items/2018/180917/9288731323442481_300.jpg
海鲜水产,虾,阿根廷红虾(L2)2kg,158,不同供应商包装交替出货,http://img10.yiguoimg.com/d/items/2018/180716/9288726238700784_300.jpg
海鲜水产,虾,原膳南海大虾1.8kg(50-60只/kg),149,南海大虾 基围虾,http://img11.yiguoimg.com/d/items/2018/180820/9288729676064020_300.jpg
海鲜水产,虾,阿根廷红虾(L1)2kg,169,硕大如手，原箱进口 不同供应商包装交替出货,http://img13.yiguoimg.com/d/items/2018/181123/9288734447445367_300.jpg
海鲜水产,虾,原膳厄瓜多尔白虾300g(50-60只/kg),38,,http://img13.yiguoimg.com/d/items/2017/171103/9288714619724643_300.jpg
海鲜水产,虾,厄瓜多尔冻南美白虾1.8kg(50-60只/kg),158,个大饱满，一口下去全是肉,http://img11.yiguoimg.com/e/items/2017/170509/9288707550749353_300.jpg
海鲜水产,虾,越南黑虎虾(16-20只)400g,55.9,硕大霸气，弹嫩细滑,http://img12.yiguoimg.com/e/items/2017/170606/9288708705592006_300.jpg
海鲜水产,虾,加拿大熟冻波士顿龙虾400g,135,鲜甜弹嫩 饕餮虾味,http://img11.yiguoimg.com/e/items/2017/170425/9288706918261401_300.jpg
海鲜水产,虾,原膳深海大虾200g,25.9,紧实弹嫩，虾肉饱满,http://img11.yiguoimg.com/d/items/2018/181108/9288733730514280_300.jpg
海鲜水产,虾,原膳加拿大北极甜虾熟冻500g(120+/kg),49.9,粉嫩清甜，肉质紧实，鲜美营养,http://img11.yiguoimg.com/d/items/2018/180227/9288719653577819_300.jpg
海鲜水产,虾,原膳带头生冻南美白虾(20只/包)400g,49,鲜活捕捞，低温速冻,http://img09.yiguoimg.com/d/items/2017/171225/9288717026534297_300.jpg
禽类蛋品,鹅/鸽/特色禽类,农百鲜草鹅2.25kg,118.8,鹅龄小肉质细腻,http://img13.yiguoimg.com/d/items/2018/181123/9288734461371767_300.jpg
禽类蛋品,鹅/鸽/特色禽类,崇明生态老鸽300g,63.9,一鸽九鸡  生态散养 谷物喂养,http://img06.yiguoimg.com/e/web/170418/092633/170418092633386_1269403_300.jpg
禽类蛋品,鹅/鸽/特色禽类,崇明生态乳鸽300g,49.9,肉质柔嫩不腥 鲜香细腻,http://img07.yiguoimg.com/e/web/170508/095120/170508095120808_154370_300.jpg
精选肉类,肉制品,金辉煌广式腊肠招牌腊肠500g,89,每一口都是浓浓家乡味,http://img09.yiguoimg.com/d/items/2019/191119/9288739562366835_300.jpg
禽类蛋品,蛋,圣迪乐村高品质营养谷物鸡蛋(20枚),49.8,当日鲜蛋直发 科学谷物喂养 蛋白滑嫩 蛋黄不噎人,http://img14.yiguoimg.com/d/items/2019/191018/9288739365398354_760.jpg
禽类蛋品,蛋,圣迪乐村高品质营养谷物蛋1.35kg(30枚),69.8,当日鲜蛋直发 科学谷物喂养 蛋白滑嫩 蛋黄不噎人,http://img11.yiguoimg.com/d/items/2019/191018/9288739366971218_300.jpg
禽类蛋品,蛋,原膳皖南山坡散养土鸡蛋(6枚装),9.9,蛋白Q弹 烹饪香醇不腥,http://img07.yiguoimg.com/e/web/170302/212627/170302212627471_104363_300.jpg
禽类蛋品,鸭,CP正大食品正大樱桃谷鸭1.6kg,39.9,植物蛋白主饲 肉嫩易熟,http://img13.yiguoimg.com/d/items/2019/190403/9288737724671619_300.jpg
禽类蛋品,鸭,老汉农庄散养老麻鸭1kg,108,水塘散养 2年鸭龄 肉香浓郁不油腻,http://img12.yiguoimg.com/d/items/2019/190829/9288738975754013_300.jpg
禽类蛋品,鸭,老汉农庄散养草鸭(嫩鸭)1kg,59.9,肉质紧实，滋补佳品,http://img09.yiguoimg.com/d/items/2019/191024/9288739408357208_300.jpg
禽类蛋品,鸭,农百鲜草麻鸭1kg,59.9,食材新鲜，肉质美味,http://img10.yiguoimg.com/d/items/2018/181203/9288734965900675_300.jpg
禽类蛋品,鸭,CP正大食品优选鸭翅中500g,39.9,肉鲜味美 肉质紧实,http://img12.yiguoimg.com/d/items/2018/180810/9288728837268746_300.jpg
禽类蛋品,鸭,CP正大食品优选鸭肠衣500g,29.9,,http://img10.yiguoimg.com/d/items/2018/180920/9288731500651828_300.jpg
禽类蛋品,鸭,CP正大食品优选鸭腿500g,24.9,酱卤煎烤样样美味，肉质紧实肉鲜味美,http://img09.yiguoimg.com/d/items/2017/171124/9288715631108984_300.jpg
禽类蛋品,鸭,农百鲜精选鸭胸200g,7.9,肉质细嫩 香滑多汁,http://img11.yiguoimg.com/d/items/2018/180817/9288729461564689_300.jpg
海鲜水产,三文鱼,FOPPEN热熏大西洋三文鱼枫糖风味125g,79,百年秘方 荷兰原装 解冻即享 理想轻食 孩子偏爱,http://img10.yiguoimg.com/d/items/2019/190815/9288738831345423_300.jpg
海鲜水产,三文鱼,FOPPEN冷熏大西洋三文鱼片100g,46.9,百年秘方 荷兰原装 解冻即享 理想轻食,http://img10.yiguoimg.com/d/items/2019/190815/9288738831935247_300.jpg
海鲜水产,三文鱼,FOPPEN冷熏大西洋三文鱼片100g*3,99,百年秘方 荷兰原装 解冻即享 理想轻食,http://img10.yiguoimg.com/d/items/2019/190815/9288738832131855_300.jpg
海鲜水产,三文鱼,FOPPEN热熏大西洋三文鱼枫糖风味125g*3,149,百年秘方 荷兰原装 解冻即享 理想轻食 孩子偏爱,http://img13.yiguoimg.com/d/items/2019/190524/9288738092721848_300.jpg
海鲜水产,三文鱼,FOPPEN热熏大西洋三文鱼传统原味125g*3,149,百年秘方 荷兰原装 解冻即享 理想轻食 孩子偏爱,http://img11.yiguoimg.com/d/items/2019/190815/9288738832197391_300.jpg
海鲜水产,三文鱼,FOPPEN热熏大西洋三文鱼黑胡椒味125g,79,百年秘方 荷兰原装 解冻即享 理想轻食,http://img13.yiguoimg.com/d/items/2019/190524/9288738092066488_300.jpg
海鲜水产,三文鱼,盒成冷冻三文鱼块225g,69,丰腴鲜香 去鳞去刺 安心食用,http://img13.yiguoimg.com/d/items/2019/191204/9288739633440644_300.jpg
海鲜水产,三文鱼,FutureCuisine新西兰帝王鲑(两片装)220g,118,来自新西兰库克山冰川，糯滑肥厚,http://img13.yiguoimg.com/d/items/2019/190604/9288738172053188_300.jpg
海鲜水产,三文鱼,盒成冷冻三文鱼粒200g,59,去皮去刺 一口一块 宝宝安心吃,http://img09.yiguoimg.com/d/items/2019/191204/9288739632850820_300.jpg
海鲜水产,三文鱼,FOPPEN热熏大西洋三文鱼黑胡椒味125g*3,149,百年秘方 荷兰原装 解冻即享 理想轻食,http://img11.yiguoimg.com/d/items/2019/190524/9288738092394168_300.jpg
海鲜水产,三文鱼,FOPPEN热熏大西洋三文鱼传统原味125g,79,百年秘方 荷兰原装 解冻即享 理想轻食 孩子偏爱,http://img10.yiguoimg.com/d/items/2019/190815/9288738831509263_300.jpg
海鲜水产,三文鱼,原膳智利三文鱼头(整只)300g,9.9,整只鱼头，整碗鲜香,http://img13.yiguoimg.com/d/items/2018/180326/9288720784958586_300.jpg
海鲜水产,三文鱼,盒成烟熏三文鱼120g(切片),49,传统冷熏工艺 丹麦木屑冷熏,http://img14.yiguoimg.com/d/items/2019/191204/9288739632293764_300.jpg
海鲜水产,三文鱼,FOPPEN热熏大西洋三文鱼片三合一组合375g,149,荷兰原装 百年工艺 多味选择   解冻即享  热熏工艺,http://img09.yiguoimg.com/d/items/2019/190529/9288738126145213_300.jpg
海鲜水产,三文鱼,美威轮切三文鱼400g,59.9,,http://img13.yiguoimg.com/d/items/2017/170929/9288713542607677_300.jpg
海鲜水产,三文鱼,美威欧式原味三文鱼排（2片装）250g,62.9,去骨去刺，丰腴鲜香，适煎烤,http://img09.yiguoimg.com/d/items/2018/180613/9288724483253453_300.jpg
禽类蛋品,鸡,老汉农庄白毛乌骨鸡950g,69,优选白毛乌骨鸡 煲汤营养好食材,http://img12.yiguoimg.com/d/items/2019/190906/9288739055839014_300.jpg
禽类蛋品,鸡,凤祥食品鸡翅根500g,19.9,肉厚骨细 BBQ红烧皆美味,http://img14.yiguoimg.com/d/items/2018/180815/9288729281668367_300.jpg
禽类蛋品,鸡,凤祥食品新奥尔良风味鸡翅160g,14.8,嫩滑的鸡翅夹杂着经典新奥尔良的香气,http://img13.yiguoimg.com/d/items/2018/180912/9288731056940332_300.jpg
禽类蛋品,鸡,凤祥食品唐扬柚惑鸡块350g,23.9,外酥里嫩 酥脆外皮包裹鲜美肉汁,http://img11.yiguoimg.com/d/items/2018/180912/9288731056514348_300.jpg
禽类蛋品,鸡,大成巴黎塔脆骨盐酥鸡280g,19.8,满满的咀嚼感 香脆入味,http://img11.yiguoimg.com/d/items/2019/190920/9288739210995508_300.jpg
禽类蛋品,鸡,凤祥食品香辣翅中500g,43.5,基础谷物饲养 不含激素,http://img10.yiguoimg.com/d/items/2018/180815/9288729273967887_300.jpg
禽类蛋品,鸡,皖南散养老母鸡1kg,99,山林放养 在林间散步觅食 炖一碗喷喷香的老母鸡汤,http://img09.yiguoimg.com/d/items/2019/191118/9288739549751154_300.jpg
禽类蛋品,鸡,原膳鲜香鸡1kg,129,山林散养 苋草喂养 产地直发,http://img11.yiguoimg.com/d/items/2019/190702/9288738415159010_300.jpg
禽类蛋品,鸡,凤祥食品鸡琵琶腿500g,23.9,谷物饲养 细嫩多汁,http://img13.yiguoimg.com/d/items/2018/180718/9288726371476722_300.jpg
禽类蛋品,鸡,大成盐酥鸡藤椒味350g,19.9,外酥里嫩、四川藤椒口味,http://img10.yiguoimg.com/d/items/2019/190819/9288738863228691_300.jpg
禽类蛋品,鸡,凤祥食品香辣翅根500g,26.8,精心调味细致裹粉 香辣酥脆欲罢不能,http://img12.yiguoimg.com/d/items/2018/180815/9288729272952079_300.jpg
禽类蛋品,鸡,千百禾生态膳品鸡1.25kg,138,养殖全程无激素无抗生素 谷物喂养营养充足,http://img10.yiguoimg.com/d/items/2018/180810/9288728811185418_300.jpg
禽类蛋品,鸡,凤祥食品盐酥鸡500g,18.9,细致裹粉 外酥里嫩,http://img09.yiguoimg.com/d/items/2018/180815/9288729272362255_300.jpg
禽类蛋品,鸡,CP正大食品优选鸭翅尖1kg,22.9,源自正大全产业链 谷物主饲无腥味,http://img10.yiguoimg.com/d/items/2019/190419/9288737805411987_300.jpg
禽类蛋品,鸡,凤祥食品鸡胗380g,19.9,厚实细嫩 百搭食材,http://img12.yiguoimg.com/d/items/2018/180815/9288729268266255_300.jpg
禽类蛋品,鸡,CP正大食品单冻鸡琵琶腿500g,23.9,饱满紧实，细嫩多汁 红烧烧烤都好吃,http://img09.yiguoimg.com/d/items/2018/180605/9288724054484165_300.jpg
禽类蛋品,鸡,CP正大食品单冻鸡翅根500g,28.8,骨酥肉嫩 烹煮易入味,http://img14.yiguoimg.com/d/items/2018/180810/9288728793261322_300.jpg
禽类蛋品,鸡,大成微波侠奥尔良味鸡翅190g,26.9,无需解冻 微波即食,http://img11.yiguoimg.com/e/items/2017/170620/9288709340635860_300.jpg
禽类蛋品,鸡,老杜崇明散养老母鸡1kg,98,煲一锅鲜香靓汤,http://img06.yiguoimg.com/e/web/170418/092631/170418092631567_1269401_300.jpg
禽类蛋品,鸡,CP正大老母鸡1.5kg,79.9,500天玉米主饲 肉质紧致 营养丰富,http://img09.yiguoimg.com/d/items/2018/180327/9288720828015739_300.jpg
海鲜水产,鱼,盒成烟熏挪威海虹鳟140g,59.9,低温苹果木熏制 挪威冰冷海域养殖,http://img11.yiguoimg.com/d/items/2019/191129/9288739613222781_300.jpg
海鲜水产,鱼,鳗鱼皇后冷冻烤鳗280g,69.9,肉质厚实  口感润滑,http://img12.yiguoimg.com/d/items/2019/190401/9288737709368961_300.jpg
海鲜水产,鱼,原膳翔泰醇香金鲳鱼340g,39.8,清蒸即食，烹饪方便,http://img13.yiguoimg.com/d/items/2019/190402/9288737718871682_300.jpg
海鲜水产,鱼,库巴乐班帝鱼(尖吻鲈)200g,76,深海养殖 澳洲风味,http://img13.yiguoimg.com/d/items/2019/191210/9288739650414474_300.jpg
海鲜水产,鱼,盒成冷冻挪威海虹鳟礼盒装1.58kg,468,丰腴鲜香肉质紧实 精美包装大规格 送礼体面,http://img12.yiguoimg.com/d/items/2019/191206/9288739642255238_300.jpg
海鲜水产,鱼,原膳加拿大多春鱼500g,39.9,鱼籽饱满 烹饪简单,http://img10.yiguoimg.com/d/items/2019/190730/9288738666030846_300.jpg
海鲜水产,鱼,原膳秋刀鱼500g,19.9,简单一煎满屋香,http://img13.yiguoimg.com/d/items/2018/181010/9288732376016202_300.jpg
海鲜水产,鱼,盒成冷冻挪威海虹鳟(鱼块)300g,92,丰腴鲜香 肉质紧实,http://img14.yiguoimg.com/d/items/2019/191129/9288739603359613_300.jpg
海鲜水产,鱼,原膳印尼全清墨鱼仔350g,35.9,肉质鲜嫩，急冻锁鲜,http://img11.yiguoimg.com/d/items/2018/181026/9288733138593114_300.jpg
海鲜水产,鱼,FutureCuisine新西兰帝王鲑(两片装)220g,118,来自新西兰库克山冰川，糯滑肥厚,http://img13.yiguoimg.com/d/items/2019/190604/9288738172053188_300.jpg
海鲜水产,鱼,盒成烟熏挪威青花鱼330g,39.9,挪威甄选 热熏加工 丰腴鲜香,http://img14.yiguoimg.com/d/items/2019/191212/9288739668535180_300.jpg
海鲜水产,鱼,盒成冷冻挪威海虹鳟(鱼粒)200g,63,挪威冰冷海域养殖 去皮去骨精选厚切,http://img13.yiguoimg.com/d/items/2019/191129/9288739603785597_300.jpg
海鲜水产,鱼,盒成冷冻挪威海虹鳟(整条圆切)2kg,499,整条虹鳟鱼原切 大气尊贵,http://img12.yiguoimg.com/d/items/2019/191212/9288739665586060_300.jpg
海鲜水产,鱼,盒成冷冻挪威海虹鳟150g,49.9,丰腴鲜香 肉质紧实,http://img12.yiguoimg.com/d/items/2019/191129/9288739602966397_300.jpg
海鲜水产,鱼,格陵兰比目鱼200g,49,格陵兰深海捕捞 味鲜刺少老人孩子安心吃,http://img10.yiguoimg.com/d/items/2019/190725/9288738618418937_300.jpg
海鲜水产,鱼,领鲜派三去海红鱼600g,79.9,100%活鱼加工  来自珠海白蕉的美味,http://img11.yiguoimg.com/d/items/2018/181203/9288734964983171_300.jpg
海鲜水产,鱼,越南冷冻巴沙鱼片280g,19.9,无骨无刺 低脂高蛋白 弹嫩细滑 健身食材,http://img11.yiguoimg.com/d/items/2017/171109/9288714859127657_300.jpg
海鲜水产,鱼,原膳象山深海黄花鱼1条(400-500g/条),45.9,自然生长 新鲜直供,http://img07.yiguoimg.com/e/web/170414/140118/170414140118062_1240086_300.jpg
海鲜水产,鱼,禧美海产红鱼鱼片350g,69.9,,http://img13.yiguoimg.com/d/items/2017/171130/9288715870872446_300.jpg
海鲜水产,鱼,原膳东海带鱼段250g,10.5,营养丰富，多含不饱和脂肪酸。,http://img05.yiguoimg.com/e/web/170224/101004/170224101004668_106110_300.jpg
精选肉类,羊肉,原膳藏羊脊骨(羊蝎子)500g,79,自然放养，日行万米，肉质鲜嫩无膻,http://img09.yiguoimg.com/d/items/2018/180806/9288727805666566_300.jpg
精选肉类,羊肉,原膳祁连山藏羊羔4.5kg(半只装),899,日行万米，肉质鲜嫩膻味淡，礼盒包装，送礼体面,http://img12.yiguoimg.com/d/items/2019/190926/9288739252283194_300.jpg
精选肉类,羊肉,原膳藏羊腿肉500g,89,自然放养，日行万米，肉质鲜嫩无膻,http://img12.yiguoimg.com/d/items/2018/180806/9288727805175046_300.jpg
精选肉类,羊肉,原膳藏羊脖骨(羊蝎子)500g,79,自然放养 日行万米 肉质鲜嫩无膻,http://img12.yiguoimg.com/d/items/2018/180806/9288727805502726_300.jpg
精选肉类,羊肉,原膳藏羊腱子肉400g,69,味鲜浓，淡膻味，涮锅爽口大口嚼,http://img10.yiguoimg.com/d/items/2018/181008/9288732301960520_300.jpg
精选肉类,羊肉,原膳新西兰精制羔羊卷500g,59,火锅怎么可以没有羔羊卷,http://img11.yiguoimg.com/d/items/2017/171215/9288716586820495_300.jpg
海鲜水产,鳕鱼,SAPMER法国银鳕(礼盒装)1kg,688,预售商品 预计29日配送,http://img09.yiguoimg.com/d/items/2019/191209/9288739648087945_300.jpg
海鲜水产,鳕鱼,FutureCuisine新西兰长尾鳕鱼(两片装)220g,49.9,肉质白腻细滑，刺少且容易呈片状剥落,http://img11.yiguoimg.com/d/items/2018/181113/9288733966017901_300.jpg
海鲜水产,鳕鱼,SAPMER法国银鳕鱼肉肉50g,45,专为宝宝辅食量身定制  营养丰富宝宝爱吃,http://img11.yiguoimg.com/d/items/2019/191129/9288739605882749_300.jpg
海鲜水产,鳕鱼,法国银鳕鱼200g,128,鳕鱼 法国银鳕鱼 犬牙鱼,http://img13.yiguoimg.com/d/items/2019/190515/9288738016863919_300.jpg
海鲜水产,鳕鱼,冰川51急冻犬牙鱼150g,168,长线钩钓 肉质纯净洁白嫩若新生,http://img12.yiguoimg.com/d/items/2019/190730/9288738662852350_300.jpg
海鲜水产,鳕鱼,冰瑞思野生去骨大西洋鳕鱼段560g,179,冰岛原装进口 长线钩钓 鱼体完美保护,http://img09.yiguoimg.com/d/items/2019/190808/9288738778162952_300.jpg
海鲜水产,鳕鱼,SAPMER生冻法国银鳕鱼排200g,198,深海捕捞   延绳钓捕   船冻,http://img10.yiguoimg.com/d/items/2019/191129/9288739607193469_300.jpg
海鲜水产,鳕鱼,鲜元素速冻阿拉斯加黑鳕鱼切身250g,105,,http://img13.yiguoimg.com/d/items/2017/171017/9288713968264017_300.jpg
海鲜水产,鳕鱼,禧美海产北极鳕鱼切段350g,53.8,,http://img10.yiguoimg.com/d/items/2017/171130/9288715871265662_300.jpg
海鲜水产,鳕鱼,OceanGala海鲜盛宴速冻真鳕鱼切块250g,45,,http://img12.yiguoimg.com/e/items/2017/170718/9288710339863282_300.jpg
海鲜水产,鳕鱼,美渔坊黑鳕鱼排200g,94.8,细嫩醇香 营养丰富,http://img10.yiguoimg.com/d/items/2019/190805/9288738740479749_300.jpg
新鲜水果,热带水果,海南蜜宝红心火龙果2个(大果)约350g/个,34.9,满满花青素 轻食鲜果,http://img10.yiguoimg.com/d/items/2019/190429/9288737876780701_300.jpg
精选肉类,其他肉类,臻享和牛888型礼盒1.4kg,888,4片M9牛排  难得一见的高品质,http://img12.yiguoimg.com/d/items/2019/191213/9288739672008589_300.jpg
精选肉类,其他肉类,新中鹿新西兰鹿肉片220g,59.9,瘦多肥少肉质紧实 涮炒煎烤都合适,http://img09.yiguoimg.com/d/items/2019/190116/9288736807560752_300.jpg
精选肉类,其他肉类,臻享和牛588型礼盒1.4kg,588,澳洲进口和牛 一次吃个够,http://img11.yiguoimg.com/d/items/2019/191213/9288739672369037_300.jpg
精选肉类,其他肉类,新中鹿新西兰鹿腱肉350g,79.9,整只原切鹿腱，卤水鹿腱轻松做,http://img12.yiguoimg.com/d/items/2017/171026/9288714277823322_300.jpg
精选肉类,其他肉类,新中鹿新西兰鹿腩肉450g,79.9,整块鹿腩胸腹部原切 炖一碗香喷喷的鹿腩汤,http://img13.yiguoimg.com/d/items/2017/171026/9288714277954394_300.jpg
精选肉类,其他肉类,新中鹿新西兰鹿肋排400g,79.9,贴骨鹿肉 香嫩啃不停 适合炖煮红烧,http://img10.yiguoimg.com/d/items/2017/171026/9288714278085466_300.jpg
精选肉类,其他肉类,新中鹿新西兰鹿肩肉450g,89.9,选自新西兰幼年马鹿 天赋香嫩红肉中的扛把子,http://img11.yiguoimg.com/d/items/2017/171026/9288714277790554_300.jpg
新鲜水果,原箱水果,清谷田园艾芙嘎啦苹果12粒/箱160g以上/个,32,基地发货 酸甜可口 皮薄酥脆,http://img10.yiguoimg.com/d/items/2019/191010/9288739306514250_300.jpg
新鲜水果,原箱水果,农夫山泉17.5°橙(铂金果)3kg礼盒装,99,单果230g/个  农夫山泉出品 香甜可口,http://img12.yiguoimg.com/d/items/2019/191218/9288739700058002_300.jpg
新鲜水果,原箱水果,枝纯星球草莓金星礼盒348g*2盒装21g以上/个,198,基地发货 香甜多汁 香气浓郁诱人,http://img13.yiguoimg.com/d/items/2019/191122/9288739588614006_300.jpg
新鲜水果,原箱水果,四川蒲江红心猕猴桃礼盒装1.9kg(24个),58,基地发货 红心甜蜜 糯滑多汁,http://img14.yiguoimg.com/d/items/2019/191105/9288739489064805_300.jpg
新鲜水果,原箱水果,玉环古树文旦柚3kg/盒2个礼盒装,59.9,基地发货  沁人清香  柔嫩多汁,http://img11.yiguoimg.com/d/items/2019/191108/9288739503744872_300.jpg
新鲜水果,原箱水果,新疆阿克苏冰糖心苹果4.5kg原箱果径80mm以上/个,129,甜蜜冰糖心 细腻易化渣,http://img13.yiguoimg.com/d/items/2019/191120/9288739574687604_300.jpg
新鲜水果,原箱水果,富平溏心霜柿礼盒520g*2,88,基地发货 传统吊晒 皮薄肉厚 溏心剔透,http://img12.yiguoimg.com/d/items/2019/191213/9288739673941901_300.jpg
新鲜水果,原箱水果,枝纯一级富士苹果12个礼盒装果径80~85mm,148,基地发货 清脆多汁  色彩靓丽,http://img11.yiguoimg.com/d/items/2019/191121/9288739577210741_300.jpg
新鲜水果,原箱水果,陕西徐香猕猴桃原箱22-24个(75g以上/个),68,软嫩糯滑 榨汁鲜食皆宜,http://img10.yiguoimg.com/d/items/2019/191014/9288739335579470_300.jpg
新鲜水果,原箱水果,东浦葡萄柚(初心柚)3头尝鲜装1.35kg(450g以上/个),38,基地发货 皮薄肉嫩 清甜不腻,http://img10.yiguoimg.com/d/items/2019/191213/9288739671287693_300.jpg
新鲜水果,原箱水果,红美人蜜橘15-18头精品礼盒装3kg,198,基地发货 网红爱媛28 果冻般细腻无渣,http://img11.yiguoimg.com/d/items/2019/191203/9288739624822659_300.jpg
新鲜水果,原箱水果,红美人蜜橘20-22头畅享装3kg,128,基地发货 网红爱媛28 果冻般细腻无渣,http://img12.yiguoimg.com/d/items/2019/191203/9288739625510787_300.jpg
新鲜水果,原箱水果,川西丑将野生苹果12个礼盒装(果径85mm以上),59,基地发货 朴实外表 甜蜜内心,http://img10.yiguoimg.com/d/items/2019/191023/9288739400296279_300.jpg
新鲜水果,原箱水果,福建平和红肉蜜柚2个礼盒装1.2kg以上/个,38,基地发货 满满茄红素 柔嫩味甜,http://img09.yiguoimg.com/d/items/2019/190920/9288739212830516_300.jpg
新鲜水果,原箱水果,红美人蜜橘8头尝鲜装1kg(125g/个),39.9,基地发货 网红爱媛28 果冻般细腻无渣,http://img13.yiguoimg.com/d/items/2019/191213/9288739670697869_300.jpg
新鲜水果,原箱水果,东浦葡萄柚(初心柚)9头精品礼盒装5kg单果600g/个,108,基地发货 皮薄肉嫩 清甜不腻,http://img11.yiguoimg.com/d/items/2019/191203/9288739626755971_300.jpg
新鲜水果,原箱水果,福建黄金葡萄柚2.5kg礼盒装400g以上/个,78,基地发货 皮薄宜剥 柔嫩多汁,http://img10.yiguoimg.com/d/items/2019/191118/9288739550209906_300.jpg
新鲜水果,原箱水果,清谷田园艾芙嘎啦苹果24粒/箱160g以上/个,65,基地发货 酸甜可口 皮薄酥脆,http://img14.yiguoimg.com/d/items/2019/191010/9288739305432906_300.jpg
新鲜水果,原箱水果,云南蒙自枇杷1.5kg礼盒装,128,原箱礼盒 圆润饱满  清香回味,http://img11.yiguoimg.com/d/items/2019/190510/9288737973610154_300.jpg
新鲜水果,原箱水果,农夫山泉17.5°阿克苏苹果14个礼盒装230g以上/个,98,基地发货 农夫山泉出品 细腻松脆,http://img09.yiguoimg.com/d/items/2019/191119/9288739564136307_300.jpg
新鲜水果,百香果,百香果1kg(盒),39,泡饮烘焙小能手 酸爽清香,http://img10.yiguoimg.com/d/items/2019/190418/9288737798923922_300.jpg
新鲜水果,百香果,广西黄金百香果500g,35,酸甜适口 泡饮烹饪样样行,http://img10.yiguoimg.com/d/items/2019/190510/9288737976886954_300.jpg
新鲜水果,莲雾,海南莲雾4个75g以上/个,42,清甜水润 水分充足,http://img12.yiguoimg.com/d/items/2019/190329/9288737677158013_300.jpg
精选肉类,猪肉,原膳丹麦皇冠天然谷饲猪Q弹肉糜(2:8)(三联家庭装)900g,79,两分肥 八分瘦 更Q弹多汁,http://img12.yiguoimg.com/d/items/2018/180723/9288726620087543_300.jpg
精选肉类,猪肉,网易味央炖补精品礼盒1.4kg,198,供应商直发 甄选黑猪    谷饲慢养300天,http://img14.yiguoimg.com/d/items/2019/190712/9288738496063212_300.jpg
精选肉类,猪肉,网易味央尊享礼盒2.1kg,298,供应商直发 甄选黑猪  谷饲慢养300天,http://img12.yiguoimg.com/d/items/2019/190712/9288738496882412_300.jpg
精选肉类,猪肉,原膳丹麦皇冠天然谷饲猪软骨350g,39.9,源自丹麦优质生猪,http://img06.yiguoimg.com/e/web/170508/095132/170508095132290_424910_300.jpg
精选肉类,猪肉,原膳西班牙伊比利亚黑猪精制肉糜300g,39,自带橡果香气 精细切剁烹炒方便,http://img12.yiguoimg.com/d/items/2018/180807/9288727884768519_300.jpg
精选肉类,猪肉,原膳西班牙伊比利亚黑猪里脊肉扒250g,69,自带橡果香气，里脊部位精细切割,http://img12.yiguoimg.com/d/items/2018/180408/9288721300726920_300.jpg
精选肉类,猪肉,原膳西班牙伊比利亚黑猪精制肉丝300g,48.9,细腻不老香嫩可口 三盒独立包装方便取用,http://img13.yiguoimg.com/d/items/2018/180807/9288727884899591_300.jpg
精选肉类,猪肉,原膳丹麦皇冠天然谷饲猪净脊骨段400g,39,精细分割脊骨 炖出自然美味,http://img06.yiguoimg.com/e/web/170508/094912/170508094912340_1003982_300.jpg
精选肉类,猪肉,原膳丹麦皇冠天然谷饲猪五花肉片300g,59.9,肥瘦均匀，涮炒煎烤都合适,http://img11.yiguoimg.com/d/items/2017/171130/9288715885683582_300.jpg
精选肉类,猪肉,原膳丹麦皇冠天然谷饲猪肋排400g,66,适合炖烧入汤的谷饲猪肋排,http://img05.yiguoimg.com/e/web/170508/094916/170508094916226_103335_300.jpg
精选肉类,猪肉,原膳丹麦皇冠天然谷饲猪小排400g,59,靠猪颈部位精选 更紧致,http://img05.yiguoimg.com/e/web/170302/212609/170302212609072_1003981_300.jpg
精选肉类,猪肉,原膳丹麦皇冠天然谷饲猪梅肉卷300g,29.9,经典梅花肉 涮出好滋味,http://img13.yiguoimg.com/d/items/2018/180723/9288726620349687_300.jpg
精选肉类,猪肉,原膳丹麦皇冠天然谷饲猪蹄700g,69.9,久煮糯滑不腻，酥软浓香，胶质丰富,http://img10.yiguoimg.com/d/items/2017/171130/9288715890434942_300.jpg
精选肉类,猪肉,原膳丹麦皇冠天然谷饲猪肋排200g,49,适合炖烧入汤的谷饲猪肋排,http://img07.yiguoimg.com/e/web/170508/094917/170508094917953_103339_300.jpg
新鲜水果,芒果,广西大青芒2个400g以上/个,36,大个好满足 满满都是肉,http://img09.yiguoimg.com/d/items/2019/190617/9288738280908497_300.jpg
新鲜水果,芒果,海南小台农芒果1kg/盒(50g以上/个),39,玲珑“小黄人” 满满大甜蜜,http://img10.yiguoimg.com/d/items/2019/191220/9288739729844116_300.jpg
新鲜水果,芒果,广西高乐蜜甜芒果4个(200g以上/个),39,核小多汁 芒香醉人心,http://img09.yiguoimg.com/d/items/2019/190329/9288737679091325_300.jpg
新鲜水果,芒果,广西高乐蜜甜芒果2.5kg礼盒装200g以上/个,88,礼盒包装 核小多汁 芒香醉人心,http://img12.yiguoimg.com/d/items/2019/191218/9288739705956242_300.jpg
新鲜水果,莓,枝纯星球草莓金星礼盒348g*2盒装21g以上/个,198,基地发货 香甜多汁 香气浓郁诱人,http://img13.yiguoimg.com/d/items/2019/191122/9288739588614006_300.jpg
新鲜水果,枣,云南珍珠枣1kg,28,细腻清脆 清香爽口,http://img12.yiguoimg.com/d/items/2019/191017/9288739356190545_300.jpg
新鲜水果,葡萄,云南红提750g,28,紧脆爽口  清甜微酸,http://img10.yiguoimg.com/d/items/2019/190523/9288738084791991_300.jpg
新鲜水果,葡萄,云南精品夏黑葡萄1kg,34.9,甜美“黑珍珠”  细腻脆嫩,http://img11.yiguoimg.com/d/items/2019/190424/9288737842669208_300.jpg
新鲜水果,葡萄,四川克伦生无籽红提500g,28,一口一粒不吐籽 吃到停不下来,http://img13.yiguoimg.com/d/items/2019/190927/9288739263981371_300.jpg
新鲜水果,猕猴桃,四川蒲江红心猕猴桃礼盒装1.9kg(24个),58,基地发货 红心甜蜜 糯滑多汁,http://img14.yiguoimg.com/d/items/2019/191105/9288739489064805_300.jpg
新鲜水果,猕猴桃,红心猕猴桃8个65g以上/个,35,糯滑多汁 满满维C,http://img10.yiguoimg.com/d/items/2019/190815/9288738832721679_300.jpg
新鲜水果,猕猴桃,陕西徐香猕猴桃原箱22-24个(75g以上/个),68,软嫩糯滑 榨汁鲜食皆宜,http://img10.yiguoimg.com/d/items/2019/191014/9288739335579470_300.jpg
新鲜水果,猕猴桃,陕西翠香猕猴桃8个70g/个以上,29,满满维C 甜香味浓 果实饱满,http://img12.yiguoimg.com/d/items/2019/190823/9288738927159063_300.jpg
新鲜水果,猕猴桃,红心猕猴桃1.9kg原箱（22-24个）,59,糯滑多汁 满满维C,http://img13.yiguoimg.com/d/items/2019/190911/9288739119474475_300.jpg
新鲜水果,猕猴桃,阳光小mi四川红心猕猴桃礼盒20个110g以上大果,88,基地发货  香甜清爽 一个不过瘾,http://img09.yiguoimg.com/d/items/2019/190823/9288738923063063_300.jpg
精选肉类,进口牛肉,PAMPERO乌拉圭冷冻去骨安格斯谷饲薄裙肉牛排150g,39.9,精切强壮肌肉 纹路清晰 肉质弹嫩,http://img11.yiguoimg.com/d/items/2018/180820/9288729662432532_300.jpg
精选肉类,进口牛肉,星享米其和牛西冷牛排M4-5级200g,159,75%以上的和牛血统，谷饲喂养450天以上，牛肉中的劳斯莱斯,http://img12.yiguoimg.com/d/items/2019/191014/9288739333875534_300.jpg
精选肉类,进口牛肉,原膳加拿大AAA级谷饲板腱牛排150g,49,鲜嫩多汁牡蛎肉 让人“一根筋”的喜欢ta,http://img10.yiguoimg.com/d/items/2018/180807/9288727884276999_300.jpg
精选肉类,进口牛肉,澳洲金钱腱500g,89,澳洲原切金钱腱 肥瘦均匀肉质鲜嫩,http://img10.yiguoimg.com/d/items/2019/190909/9288739082413865_300.jpg
精选肉类,进口牛肉,原膳澳洲和牛眼肉牛排(M4-5)150g,128,柔嫩眼肉 和牛胸脊部位原切呈现,http://img10.yiguoimg.com/d/items/2018/180807/9288727884113159_300.jpg
精选肉类,进口牛肉,星享米其和牛眼肉牛排6-7级200g,239,75%以上的和牛血统，谷饲喂养450天以上，牛肉中的劳斯莱斯,http://img10.yiguoimg.com/d/items/2019/191016/9288739351799632_300.jpg
精选肉类,进口牛肉,星享米其黑安格斯板腱(牡蛎肉)牛排(M2)200g*2,108,肉质紧实 口感饱满 雪花均匀 脂香四溢,http://img10.yiguoimg.com/d/items/2019/190924/9288739236816696_300.jpg
精选肉类,进口牛肉,原膳澳洲安格斯汉堡牛肉饼110g*5,119,纯牛肉制作 肉汁饱满 牛肉汉堡在家做,http://img11.yiguoimg.com/d/items/2019/191011/9288739313067851_300.jpg
精选肉类,进口牛肉,星享米其澳洲F2和牛甄选牛排礼包800g,588,四种部位牛排一次品尝,http://img09.yiguoimg.com/d/items/2019/190830/9288738998626078_300.jpg
精选肉类,进口牛肉,星享米其和牛西冷牛排6-7级200g,209,75%以上的和牛血统，谷饲喂养450天以上，牛肉中的劳斯莱斯,http://img12.yiguoimg.com/d/items/2019/191016/9288739351406416_300.jpg
精选肉类,进口牛肉,PAMPERO乌拉圭冷冻去骨安格斯牛肉糜(85%瘦)454g,39.9,85%瘦肉 牛肉汉堡好吃的秘密,http://img09.yiguoimg.com/d/items/2018/180820/9288729664202004_300.jpg
精选肉类,进口牛肉,星享米其和牛眼肉牛排M4-5级200g,189,75%以上的和牛血统，谷饲喂养450天以上，牛肉中的劳斯莱斯,http://img11.yiguoimg.com/d/items/2019/191014/9288739333351246_300.jpg
精选肉类,进口牛肉,原膳澳洲精修牛腱子1kg,98,整根牛腱原切 精修处理 入口紧实,http://img13.yiguoimg.com/d/items/2019/190116/9288736791701040_300.jpg
精选肉类,进口牛肉,原膳加拿大AAA级谷饲西冷牛排180g,59.9,自带弹韧肉筋 这股“牛劲”很带感,http://img10.yiguoimg.com/d/items/2018/180807/9288727884670215_300.jpg
精选肉类,进口牛肉,星享米其澳洲黑安格斯精选牛排礼包800g,288,四种部位牛排一次品尝,http://img11.yiguoimg.com/d/items/2019/191105/9288739490309989_300.jpg
精选肉类,进口牛肉,原膳加拿大AAA级谷饲菲力牛排(2片)200g,88,天赋柔嫩牛里脊 肉厚多汁 肉质柔嫩油脂少,http://img10.yiguoimg.com/d/items/2018/180807/9288727884539143_300.jpg
精选肉类,进口牛肉,原膳乌拉圭精修牛腩1kg,98,"口感筋道,香醇满口",http://img11.yiguoimg.com/d/items/2019/190116/9288736792782384_300.jpg
精选肉类,进口牛肉,PAMPERO乌拉圭冷冻去骨安格斯谷饲牛眼肉心排400g,145,油花丰富 肉汁充盈 奶香浓郁,http://img13.yiguoimg.com/d/items/2019/190103/9288736375973411_300.jpg
精选肉类,进口牛肉,原膳澳洲进口原切和牛煎烤片200g,49.9,谷饲喂养300天以上 雪花分布均匀,http://img10.yiguoimg.com/d/items/2019/190723/9288738598987511_300.jpg
精选肉类,进口牛肉,原膳澳洲安格斯汉堡牛肉饼110g,23.8,纯牛肉制作 肉汁饱满 牛肉汉堡在家做,http://img12.yiguoimg.com/d/items/2019/190716/9288738525685488_300.jpg
新鲜水果,瓜,新疆西州蜜甜瓜1个1.4kg以上,35,硕大个头 全家甜蜜分享,http://img14.yiguoimg.com/d/items/2019/190605/9288738174346949_300.jpg
新鲜水果,瓜,海南玉菇甜瓜2个(约900g/个),65.9,绵润爽口 水分充盈,http://img13.yiguoimg.com/d/items/2019/190401/9288737713071745_300.jpg
新鲜水果,瓜,海南树上熟木瓜4个400g以上/个,36,果肉红润，甜美多汁,http://img12.yiguoimg.com/d/items/2019/190329/9288737680008829_300.jpg
新鲜水果,瓜,冰淇淋网纹瓜1.4kg以上/个,29.9,糯滑厚实 清甜可口,http://img09.yiguoimg.com/d/items/2019/191022/9288739394201430_300.jpg
新鲜水果,瓜,海南金香玉蜜瓜1个(约1kg/个),35,软糯汁足 爽口不腻,http://img13.yiguoimg.com/d/items/2019/190401/9288737713333889_300.jpg
新鲜水果,牛油果,墨西哥牛油果4个装160g以上/个,48,绵滑如乳酪 淡淡乳脂香,http://img10.yiguoimg.com/d/items/2019/190906/9288739060590374_300.jpg
精选肉类,牛排,原膳加拿大AAA级谷饲板腱牛排150g,49,鲜嫩多汁牡蛎肉 让人“一根筋”的喜欢ta,http://img10.yiguoimg.com/d/items/2018/180807/9288727884276999_300.jpg
精选肉类,牛排,星享米其和牛上脑牛排M4-5级200g,88,大理石花纹清晰   入口鲜香四溢,http://img09.yiguoimg.com/d/items/2019/190924/9288739231967032_300.jpg
精选肉类,牛排,原膳澳洲和牛眼肉牛排(M4-5)150g,128,柔嫩眼肉 和牛胸脊部位原切呈现,http://img10.yiguoimg.com/d/items/2018/180807/9288727884113159_300.jpg
精选肉类,牛排,星享米其黑安格斯上脑心牛排(M2)200g*2,108,香甜多汁  为煎烤而生,http://img12.yiguoimg.com/d/items/2019/190928/9288739266733884_300.jpg
精选肉类,牛排,原膳澳洲进口原切和牛涮烤片150g,36,秒烫即熟口感嫩滑 涮锅烧烤 怎么都好吃,http://img12.yiguoimg.com/d/items/2019/190723/9288738598594295_300.jpg
精选肉类,牛排,原膳乌拉圭眼肉芯牛排150g,36,取自眼肉内圈部位  肉质多汁软嫩,http://img12.yiguoimg.com/d/items/2019/190712/9288738504517356_300.jpg
精选肉类,牛排,星享米其和牛臀肉牛排M6-7级150g*2,109,75%以上的和牛血统，谷饲喂养450天以上，牛肉中的劳斯莱斯,http://img09.yiguoimg.com/d/items/2019/190924/9288739237340984_300.jpg
精选肉类,牛排,星享米其和牛板腱(牡蛎肉)牛排M8-9级200g,158,柔嫩多汁 肉质细腻  口感香甜,http://img13.yiguoimg.com/d/items/2019/190924/9288739232458552_300.jpg
精选肉类,牛排,原膳加拿大AAA级谷饲西冷牛排180g,59.9,自带弹韧肉筋 这股“牛劲”很带感,http://img10.yiguoimg.com/d/items/2018/180807/9288727884670215_300.jpg
精选肉类,牛排,原膳加拿大AAA级谷饲菲力牛排(2片)200g,88,天赋柔嫩牛里脊 肉厚多汁 肉质柔嫩油脂少,http://img10.yiguoimg.com/d/items/2018/180807/9288727884539143_300.jpg
精选肉类,牛排,星享米其黑安格斯上脑心牛排(M2)200g,58,香甜多汁  为煎烤而生,http://img11.yiguoimg.com/d/items/2019/190928/9288739266864956_300.jpg
精选肉类,牛排,PAMPERO乌拉圭冷冻去骨安格斯谷饲牛眼肉心排400g,145,油花丰富 肉汁充盈 奶香浓郁,http://img13.yiguoimg.com/d/items/2019/190103/9288736375973411_300.jpg
精选肉类,牛排,星享米其和牛臀肉牛排M6-7级150g,62,75%以上的和牛血统，谷饲喂养450天以上，牛肉中的劳斯莱斯,http://img09.yiguoimg.com/d/items/2019/190924/9288739232950072_300.jpg
精选肉类,牛排,原膳巴西菲力牛排700g,198,整条菲力原切 6-7片 适合全家享用,http://img14.yiguoimg.com/d/items/2019/190726/9288738630969082_300.jpg
精选肉类,牛排,原膳澳洲进口原切和牛雪花牛排150g,39.9,澳洲和牛 大理石纹路 雪花分布均匀,http://img11.yiguoimg.com/d/items/2019/190723/9288738598266615_300.jpg
精选肉类,牛排,原膳澳洲谷饲小公牛牡蛎牛排200g(3片),48,原切牛排 油花丰富 奶香多汁,http://img05.yiguoimg.com/e/web/170302/212659/170302212659192_1233565_300.jpg
精选肉类,牛排,澳奎澳洲谷饲100天西冷牛排150g,48.9,精瘦柔嫩，回味奶香多汁,http://img11.yiguoimg.com/d/items/2019/190107/9288736499934759_300.jpg
精选肉类,牛排,原膳澳洲谷饲小公牛嫩肩牛排200g(2片),48,原切牛排 奶香多汁的小公牛,http://img13.yiguoimg.com/d/items/2018/180516/9288723044279472_300.jpg
精选肉类,牛排,星享米其黑安格斯牛板腱牛排(牡蛎肉)(M2)200g,59,柔嫩多汁 肉质细腻 口感香甜,http://img12.yiguoimg.com/d/items/2019/190924/9288739233376056_300.jpg
精选肉类,牛排,星享米其黑安格斯眼肉心牛排(M2)200g,99,甜香牛油味 脂肪丰富香甜多汁,http://img10.yiguoimg.com/d/items/2019/190924/9288739234064184_300.jpg
新鲜水果,时令水果,清谷田园艾芙嘎啦苹果12粒/箱160g以上/个,32,基地发货 酸甜可口 皮薄酥脆,http://img10.yiguoimg.com/d/items/2019/191010/9288739306514250_300.jpg
新鲜水果,时令水果,云南人参果6个55g/个,22.9,多汁小清新 皮薄不涩,http://img11.yiguoimg.com/d/items/2019/190724/9288738610521848_300.jpg
新鲜水果,时令水果,福建g溪红柚2个1.1kg/个,39.9,粉嫩果肉 味甜汁多,http://img10.yiguoimg.com/d/items/2019/190911/9288739108759339_300.jpg
新鲜水果,时令水果,富平溏心霜柿礼盒520g*2,88,基地发货 传统吊晒 皮薄肉厚 溏心剔透,http://img12.yiguoimg.com/d/items/2019/191213/9288739673941901_300.jpg
新鲜水果,时令水果,山东千禧圣女果1kg,25,皮薄肉嫩 汁水丰沛,http://img14.yiguoimg.com/d/items/2019/190520/9288738047108788_300.jpg
新鲜水果,时令水果,云南蜜桔1kg50g/个,25,桔香浓郁 维C小能手,http://img13.yiguoimg.com/d/items/2019/190822/9288738895963926_300.jpg
新鲜水果,时令水果,海南小青柠1盒(500g/盒),19,小个头，大酸爽,http://img10.yiguoimg.com/d/items/2019/190329/9288737676207741_300.jpg
新鲜水果,时令水果,新疆库尔勒精选香梨1kg(约120g/个),36,梨园小甜心 爽口化渣,http://img12.yiguoimg.com/d/items/2019/190917/9288739178096433_300.jpg
新鲜水果,时令水果,云南脆柿1kg装(约90g/个),19.9,清脆香甜   软硬皆宜,http://img14.yiguoimg.com/d/items/2019/191014/9288739335251790_300.jpg
新鲜水果,时令水果,山东丰水梨6个275g/个,29.9,水灵灵的“大甜妞”,http://img09.yiguoimg.com/d/items/2019/190828/9288738968741660_300.jpg
新鲜水果,时令水果,海南青柠檬4个70g/个,11.8,皮薄汁多 清香宜人,http://img09.yiguoimg.com/d/items/2019/190710/9288738475517674_300.jpg
新鲜水果,时令水果,冰淇淋网纹瓜1.4kg以上/个,29.9,糯滑厚实 清甜可口,http://img09.yiguoimg.com/d/items/2019/191022/9288739394201430_300.jpg
新鲜水果,时令水果,清谷田园艾芙嘎啦苹果24粒/箱160g以上/个,65,基地发货 酸甜可口 皮薄酥脆,http://img14.yiguoimg.com/d/items/2019/191010/9288739305432906_300.jpg
新鲜水果,时令水果,新疆天山雪梨6个200g/个,39,果肉白如雪  口感甜脆嫩,http://img13.yiguoimg.com/d/items/2019/190929/9288739272468285_300.jpg
新鲜水果,时令水果,云南蒙自枇杷1.5kg礼盒装,128,原箱礼盒 圆润饱满  清香回味,http://img11.yiguoimg.com/d/items/2019/190510/9288737973610154_300.jpg
新鲜水果,时令水果,新疆库尔勒香梨1kg(约100g/个),28,细嫩果肉 爽口化渣,http://img10.yiguoimg.com/d/items/2019/190917/9288739177670449_300.jpg
新鲜水果,时令水果,云南蒙自枇杷1盒(约400g),49.9,圆润饱满  清香回味,http://img13.yiguoimg.com/d/items/2019/190401/9288737706354305_300.jpg
新鲜水果,时令水果,山西玉露香梨4个180g/个,35,酥脆爽口 皮薄肉嫩,http://img10.yiguoimg.com/d/items/2019/190929/9288739271157565_300.jpg
新鲜水果,时令水果,四川大凉山野生苹果6个(果径80mm以上),35.8,大山里的味道 甘甜可口 嘎嘣脆,http://img13.yiguoimg.com/d/items/2019/190904/9288739036342052_300.jpg
新鲜水果,时令水果,四川克伦生无籽红提500g,28,一口一粒不吐籽 吃到停不下来,http://img13.yiguoimg.com/d/items/2019/190927/9288739263981371_300.jpg
新鲜水果,梨,新疆库尔勒精选香梨1kg(约120g/个),36,梨园小甜心 爽口化渣,http://img12.yiguoimg.com/d/items/2019/190917/9288739178096433_300.jpg
新鲜水果,梨,河北皇冠梨6个200g以上/个,56,色泽悦目，味甜爽滑,http://img14.yiguoimg.com/d/items/2019/190329/9288737673193085_300.jpg
新鲜水果,梨,山东丰水梨6个275g/个,29.9,水灵灵的“大甜妞”,http://img09.yiguoimg.com/d/items/2019/190828/9288738968741660_300.jpg
新鲜水果,梨,新疆天山雪梨6个200g/个,39,果肉白如雪  口感甜脆嫩,http://img13.yiguoimg.com/d/items/2019/190929/9288739272468285_300.jpg
新鲜水果,梨,新疆库尔勒特级香梨3kg120g以上/个,98,细腻果肉 梨不开你,http://img14.yiguoimg.com/d/items/2019/191015/9288739343279951_300.jpg
新鲜水果,梨,新疆库尔勒香梨1kg(约100g/个),28,细嫩果肉 爽口化渣,http://img10.yiguoimg.com/d/items/2019/190917/9288739177670449_300.jpg
新鲜水果,梨,山西玉露香梨4个180g/个,35,酥脆爽口 皮薄肉嫩,http://img10.yiguoimg.com/d/items/2019/190929/9288739271157565_300.jpg
新鲜水果,梨,安徽砀山梨6粒装(250g-300g/个),18,汁足肉脆 榨汁调饮皆宜,http://img14.yiguoimg.com/d/items/2019/191010/9288739307530058_300.jpg
新鲜水果,柑桔橙柚,农夫山泉17.5°橙(铂金果)3kg礼盒装,99,单果230g/个  农夫山泉出品 香甜可口,http://img12.yiguoimg.com/d/items/2019/191218/9288739700058002_300.jpg
新鲜水果,柑桔橙柚,玉环古树文旦柚3kg/盒2个礼盒装,59.9,基地发货  沁人清香  柔嫩多汁,http://img11.yiguoimg.com/d/items/2019/191108/9288739503744872_300.jpg
新鲜水果,柑桔橙柚,福建g溪红柚2个1.1kg/个,39.9,粉嫩果肉 味甜汁多,http://img10.yiguoimg.com/d/items/2019/190911/9288739108759339_300.jpg
新鲜水果,柑桔橙柚,广西皇帝贡柑1kg(约80g/个),16.8,皮薄核小 肉脆汁甜,http://img09.yiguoimg.com/d/items/2019/191220/9288739729319828_300.jpg
新鲜水果,柑桔橙柚,云南蜜桔1kg50g/个,25,桔香浓郁 维C小能手,http://img13.yiguoimg.com/d/items/2019/190822/9288738895963926_300.jpg
新鲜水果,柑桔橙柚,东浦葡萄柚(初心柚)3头尝鲜装1.35kg(450g以上/个),38,基地发货 皮薄肉嫩 清甜不腻,http://img10.yiguoimg.com/d/items/2019/191213/9288739671287693_300.jpg
新鲜水果,柑桔橙柚,广西沙糖桔1kg,19.9,皮薄宜剥 饱满多汁,http://img14.yiguoimg.com/d/items/2019/191220/9288739728533396_300.jpg
新鲜水果,柑桔橙柚,红美人蜜橘15-18头精品礼盒装3kg,198,基地发货 网红爱媛28 果冻般细腻无渣,http://img11.yiguoimg.com/d/items/2019/191203/9288739624822659_300.jpg
新鲜水果,柑桔橙柚,红美人蜜橘20-22头畅享装3kg,128,基地发货 网红爱媛28 果冻般细腻无渣,http://img12.yiguoimg.com/d/items/2019/191203/9288739625510787_300.jpg
新鲜水果,柑桔橙柚,福建平和红肉蜜柚2个礼盒装1.2kg以上/个,38,基地发货 满满茄红素 柔嫩味甜,http://img09.yiguoimg.com/d/items/2019/190920/9288739212830516_300.jpg
新鲜水果,柑桔橙柚,红美人蜜橘8头尝鲜装1kg(125g/个),39.9,基地发货 网红爱媛28 果冻般细腻无渣,http://img13.yiguoimg.com/d/items/2019/191213/9288739670697869_300.jpg
新鲜水果,柑桔橙柚,东浦葡萄柚(初心柚)9头精品礼盒装5kg单果600g/个,108,基地发货 皮薄肉嫩 清甜不腻,http://img11.yiguoimg.com/d/items/2019/191203/9288739626755971_300.jpg
新鲜水果,柑桔橙柚,福建黄金葡萄柚2.5kg礼盒装400g以上/个,78,基地发货 皮薄宜剥 柔嫩多汁,http://img10.yiguoimg.com/d/items/2019/191118/9288739550209906_300.jpg
新鲜水果,柑桔橙柚,广西沃柑600g约125g/个,19,甜蜜多汁 汁水丰富,http://img09.yiguoimg.com/d/items/2019/191220/9288739728893844_300.jpg
新鲜水果,柑桔橙柚,江西赣南脐橙6个约180g/个,29,橙香浓郁 肉嫩多汁,http://img09.yiguoimg.com/d/items/2019/191218/9288739701761938_300.jpg
新鲜水果,柑桔橙柚,福建g溪黄心蜜柚2个(约1.1kg/个),49,柔嫩多汁  果皮还能泡茶哦~,http://img14.yiguoimg.com/d/items/2019/191014/9288739332990798_300.jpg
新鲜水果,柑桔橙柚,桂林脆皮金桔500g(10g以上/个),25,酸甜清香 一口嫩脆甜,http://img13.yiguoimg.com/d/items/2019/191017/9288739356125009_300.jpg
新鲜水果,柑桔橙柚,四川安岳黄柠檬4个75g以上/个,12.9,肉色淡黄，浓郁清香,http://img09.yiguoimg.com/d/items/2019/190329/9288737676895869_300.jpg
新鲜水果,柑桔橙柚,四川爱媛果冻橙2.5kg装,68,基地发货 皮薄宜剥 软嫩多汁,http://img09.yiguoimg.com/d/items/2019/191104/9288739487229796_300.jpg
新鲜水果,柑桔橙柚,东浦葡萄柚(初心柚)9头畅享装4kg单果450g/个,78,基地发货 皮薄肉嫩 清甜不腻,http://img12.yiguoimg.com/d/items/2019/191203/9288739626133379_300.jpg
